sample_id,species,animal_source,true_status,true_gene,pred_status,pred_gene,coverage,is_correct
ISOLATE_0001,Escherichia_coli,dog,susceptible,none,susceptible,none,0.0000,1
ISOLATE_0002,Salmonella_enterica,cattle,resistant,blaTEM,resistant,blaTEM,1.0000,1
ISOLATE_0003,Escherichia_coli,poultry,resistant,tetA,resistant,tetA,1.0000,1
ISOLATE_0004,Salmonella_enterica,swine,resistant,sul1,resistant,sul1,1.0000,1
ISOLATE_0005,Escherichia_coli,dog,susceptible,none,susceptible,none,0.0000,1
ISOLATE_0006,Salmonella_enterica,cattle,resistant,blaTEM,resistant,blaTEM,1.0000,1
ISOLATE_0007,Escherichia_coli,poultry,resistant,tetA,resistant,tetA,1.0000,1
ISOLATE_0008,Salmonella_enterica,swine,resistant,sul1,resistant,sul1,1.0000,1
ISOLATE_0009,Escherichia_coli,dog,susceptible,none,susceptible,none,0.0000,1
ISOLATE_0010,Salmonella_enterica,cattle,resistant,blaTEM,resistant,blaTEM,1.0000,1
ISOLATE_0011,Escherichia_coli,poultry,resistant,tetA,resistant,tetA,1.0000,1
ISOLATE_0012,Salmonella_enterica,swine,resistant,sul1,resistant,sul1,1.0000,1
ISOLATE_0013,Escherichia_coli,dog,susceptible,none,susceptible,none,0.0000,1
ISOLATE_0014,Salmonella_enterica,cattle,resistant,blaTEM,resistant,blaTEM,1.0000,1
ISOLATE_0015,Escherichia_coli,poultry,resistant,tetA,resistant,tetA,1.0000,1
ISOLATE_0016,Salmonella_enterica,swine,resistant,sul1,resistant,sul1,1.0000,1
ISOLATE_0017,Escherichia_coli,dog,susceptible,none,susceptible,none,0.0000,1
ISOLATE_0018,Salmonella_enterica,cattle,resistant,blaTEM,resistant,blaTEM,1.0000,1
ISOLATE_0019,Escherichia_coli,poultry,resistant,tetA,resistant,tetA,1.0000,1
ISOLATE_0020,Salmonella_enterica,swine,resistant,sul1,resistant,sul1,1.0000,1
ISOLATE_0021,Escherichia_coli,dog,susceptible,none,susceptible,none,0.0000,1
ISOLATE_0022,Salmonella_enterica,cattle,resistant,blaTEM,resistant,blaTEM,1.0000,1
ISOLATE_0023,Escherichia_coli,poultry,resistant,tetA,resistant,tetA,1.0000,1
ISOLATE_0024,Salmonella_enterica,swine,resistant,sul1,resistant,sul1,1.0000,1
ISOLATE_0025,Escherichia_coli,dog,susceptible,none,susceptible,none,0.0000,1
ISOLATE_0026,Salmonella_enterica,cattle,resistant,blaTEM,resistant,blaTEM,1.0000,1
ISOLATE_0027,Escherichia_coli,poultry,resistant,tetA,resistant,tetA,1.0000,1
ISOLATE_0028,Salmonella_enterica,swine,resistant,sul1,resistant,sul1,1.0000,1
ISOLATE_0029,Escherichia_coli,dog,susceptible,none,susceptible,none,0.0000,1
ISOLATE_0030,Salmonella_enterica,cattle,resistant,blaTEM,resistant,blaTEM,1.0000,1
ISOLATE_0031,Escherichia_coli,poultry,resistant,tetA,resistant,tetA,1.0000,1
ISOLATE_0032,Salmonella_enterica,swine,resistant,sul1,resistant,sul1,1.0000,1
ISOLATE_0033,Escherichia_coli,dog,susceptible,none,susceptible,none,0.0000,1
ISOLATE_0034,Salmonella_enterica,cattle,resistant,blaTEM,resistant,blaTEM,1.0000,1
ISOLATE_0035,Escherichia_coli,poultry,resistant,tetA,resistant,tetA,1.0000,1
ISOLATE_0036,Salmonella_enterica,swine,resistant,sul1,resistant,sul1,1.0000,1
ISOLATE_0037,Escherichia_coli,dog,susceptible,none,susceptible,none,0.0000,1
ISOLATE_0038,Salmonella_enterica,cattle,resistant,blaTEM,resistant,blaTEM,1.0000,1
ISOLATE_0039,Escherichia_coli,poultry,resistant,tetA,resistant,tetA,1.0000,1
ISOLATE_0040,Salmonella_enterica,swine,resistant,sul1,resistant,sul1,1.0000,1
ISOLATE_0041,Escherichia_coli,dog,susceptible,none,susceptible,none,0.0000,1
ISOLATE_0042,Salmonella_enterica,cattle,resistant,blaTEM,resistant,blaTEM,1.0000,1
ISOLATE_0043,Escherichia_coli,poultry,resistant,tetA,resistant,tetA,1.0000,1
ISOLATE_0044,Salmonella_enterica,swine,resistant,sul1,resistant,sul1,1.0000,1
ISOLATE_0045,Escherichia_coli,dog,susceptible,none,susceptible,none,0.0000,1
ISOLATE_0046,Salmonella_enterica,cattle,resistant,blaTEM,resistant,blaTEM,1.0000,1
ISOLATE_0047,Escherichia_coli,poultry,resistant,tetA,resistant,tetA,1.0000,1
ISOLATE_0048,Salmonella_enterica,swine,resistant,sul1,resistant,sul1,1.0000,1
ISOLATE_0049,Escherichia_coli,dog,susceptible,none,susceptible,none,0.0000,1
ISOLATE_0050,Salmonella_enterica,cattle,resistant,blaTEM,resistant,blaTEM,1.0000,1
ISOLATE_0051,Escherichia_coli,poultry,resistant,tetA,resistant,tetA,1.0000,1
ISOLATE_0052,Salmonella_enterica,swine,resistant,sul1,resistant,sul1,1.0000,1
ISOLATE_0053,Escherichia_coli,dog,susceptible,none,susceptible,none,0.0000,1
ISOLATE_0054,Salmonella_enterica,cattle,resistant,blaTEM,resistant,blaTEM,1.0000,1
ISOLATE_0055,Escherichia_coli,poultry,resistant,tetA,resistant,tetA,1.0000,1
ISOLATE_0056,Salmonella_enterica,swine,resistant,sul1,resistant,sul1,1.0000,1
ISOLATE_0057,Escherichia_coli,dog,susceptible,none,susceptible,none,0.0000,1
ISOLATE_0058,Salmonella_enterica,cattle,resistant,blaTEM,resistant,blaTEM,1.0000,1
ISOLATE_0059,Escherichia_coli,poultry,resistant,tetA,resistant,tetA,1.0000,1
ISOLATE_0060,Salmonella_enterica,swine,resistant,sul1,resistant,sul1,1.0000,1
ISOLATE_0061,Escherichia_coli,dog,susceptible,none,susceptible,none,0.0000,1
ISOLATE_0062,Salmonella_enterica,cattle,resistant,blaTEM,resistant,blaTEM,1.0000,1
ISOLATE_0063,Escherichia_coli,poultry,resistant,tetA,resistant,tetA,1.0000,1
ISOLATE_0064,Salmonella_enterica,swine,resistant,sul1,resistant,sul1,1.0000,1
ISOLATE_0065,Escherichia_coli,dog,susceptible,none,susceptible,none,0.0000,1
ISOLATE_0066,Salmonella_enterica,cattle,resistant,blaTEM,resistant,blaTEM,1.0000,1
ISOLATE_0067,Escherichia_coli,poultry,resistant,tetA,resistant,tetA,1.0000,1
ISOLATE_0068,Salmonella_enterica,swine,resistant,sul1,resistant,sul1,1.0000,1
ISOLATE_0069,Escherichia_coli,dog,susceptible,none,susceptible,none,0.0000,1
ISOLATE_0070,Salmonella_enterica,cattle,resistant,blaTEM,resistant,blaTEM,1.0000,1
ISOLATE_0071,Escherichia_coli,poultry,resistant,tetA,resistant,tetA,1.0000,1
ISOLATE_0072,Salmonella_enterica,swine,resistant,sul1,resistant,sul1,1.0000,1
ISOLATE_0073,Escherichia_coli,dog,susceptible,none,susceptible,none,0.0000,1
ISOLATE_0074,Salmonella_enterica,cattle,resistant,blaTEM,resistant,blaTEM,1.0000,1
ISOLATE_0075,Escherichia_coli,poultry,resistant,tetA,resistant,tetA,1.0000,1
ISOLATE_0076,Salmonella_enterica,swine,resistant,sul1,resistant,sul1,1.0000,1
ISOLATE_0077,Escherichia_coli,dog,susceptible,none,susceptible,none,0.0000,1
ISOLATE_0078,Salmonella_enterica,cattle,resistant,blaTEM,resistant,blaTEM,1.0000,1
ISOLATE_0079,Escherichia_coli,poultry,resistant,tetA,resistant,tetA,1.0000,1
ISOLATE_0080,Salmonella_enterica,swine,resistant,sul1,resistant,sul1,1.0000,1
ISOLATE_0081,Escherichia_coli,dog,susceptible,none,susceptible,none,0.0000,1
ISOLATE_0082,Salmonella_enterica,cattle,resistant,blaTEM,resistant,blaTEM,1.0000,1
ISOLATE_0083,Escherichia_coli,poultry,resistant,tetA,resistant,tetA,1.0000,1
ISOLATE_0084,Salmonella_enterica,swine,resistant,sul1,resistant,sul1,1.0000,1
ISOLATE_0085,Escherichia_coli,dog,susceptible,none,susceptible,none,0.0000,1
ISOLATE_0086,Salmonella_enterica,cattle,resistant,blaTEM,resistant,blaTEM,1.0000,1
ISOLATE_0087,Escherichia_coli,poultry,resistant,tetA,resistant,tetA,1.0000,1
ISOLATE_0088,Salmonella_enterica,swine,resistant,sul1,resistant,sul1,1.0000,1
ISOLATE_0089,Escherichia_coli,dog,susceptible,none,susceptible,none,0.0000,1
ISOLATE_0090,Salmonella_enterica,cattle,resistant,blaTEM,resistant,blaTEM,1.0000,1
ISOLATE_0091,Escherichia_coli,poultry,resistant,tetA,resistant,tetA,1.0000,1
ISOLATE_0092,Salmonella_enterica,swine,resistant,sul1,resistant,sul1,1.0000,1
ISOLATE_0093,Escherichia_coli,dog,susceptible,none,susceptible,none,0.0000,1
ISOLATE_0094,Salmonella_enterica,cattle,resistant,blaTEM,resistant,blaTEM,1.0000,1
ISOLATE_0095,Escherichia_coli,poultry,resistant,tetA,resistant,tetA,1.0000,1
ISOLATE_0096,Salmonella_enterica,swine,resistant,sul1,resistant,sul1,1.0000,1
ISOLATE_0097,Escherichia_coli,dog,susceptible,none,susceptible,none,0.0000,1
ISOLATE_0098,Salmonella_enterica,cattle,resistant,blaTEM,resistant,blaTEM,1.0000,1
ISOLATE_0099,Escherichia_coli,poultry,resistant,tetA,resistant,tetA,1.0000,1
ISOLATE_0100,Salmonella_enterica,swine,resistant,sul1,resistant,sul1,1.0000,1
